,delta_t,batch_lengths,avg_return,actor_losses,critic_losses
0,1715775739.409342,9953,-11.733022252860952,122.30856323242188,17547.51953125
