,action_0_ratio,action_1_ratio,action_2_ratio,action_3_ratio,action_4_ratio,false_positives,false_negatives,mismatch_errrors,cost_penalty,approx_kl
0,0.19240430021099167,0.21902943836029337,0.19853310559630263,0.20978599417261126,0.18024716165980106,3251.0,33193.0,24322.0,2497.3189829587936,-0.0013460892951115966
