,delta_t,batch_lengths,avg_return,actor_losses,critic_losses
0,1714675443.027331,9883,-11.660300653492547,120.1435317993164,16676.513671875
