,action_0_ratio,action_1_ratio,action_2_ratio,action_3_ratio,action_4_ratio,false_positives,false_negatives,mismatch_errrors,cost_penalty,approx_kl
0,0.20277243751897198,0.20793281392289792,0.1971061418597592,0.21015885864616007,0.18202974805221087,3218.0,33219.0,24252.0,2471.8608058393,-0.0009707681019790471
